member id,name
1,Aarav Sharma
2,Aditi Mehta
3,Rajesh Kumar
4,Priya Verma
5,Amit Singh
6,Neha Patil
7,Vikram Iyer
8,Suman Gupta
9,Rohan Desai
10,Kavita Rao
11,Mohit Reddy
12,Anjali Nair
13,Arjun Thakur
14,Meera Menon
15,Karan Joshi
16,Rina Kapoor
17,Sanjay Batra
18,Pooja Sharma
19,Suresh Raina
20,Divya Jain
21,Ajay Pillai
22,Tara Chandra
23,Rahul Bhatt
24,Sneha Pawar
25,Manoj Shetty
26,Rani Prasad
27,Vivek Saxena
28,Alka Mishra
29,Dev Dutta
30,Kavya Das
31,Nikhil Kulkarni
32,Asha Bhardwaj
33,Rakesh Malhotra
34,Jaya Singh
35,Suraj Nanda
36,Naina Roy
37,Ravi Chauhan
38,Lata Aggarwal
39,Harshad Kaur
40,Neetu Kohli
41,Abhinav Khanna
42,Ananya Sharma
43,Abhishek Das
44,Shruti Rao
45,Aryan Mehta
46,Pooja Menon
47,Kunal Verma
48,Riya Patel
49,Ishaan Kapoor
50,Seema Pillai
51,Aditya Joshi
52,Nandini Gupta
53,Rohit Iyer
54,Sonia Prasad
55,Tarun Nair
56,Manisha Chandra
57,Harish Batra
58,Jyoti Chauhan
59,Gaurav Thakur
60,Supriya Singh
61,Manav Kulkarni
62,Priti Dutta
63,Ramesh Agarwal
64,Swati Sinha
65,Pranav Reddy
66,Deepti Bhatt
67,Shankar Pawar
68,Amrita Raina
69,Chetan Malhotra
70,Sunita Kohli
71,Naveen Saxena
72,Bhavna Patel
73,Arvind Shetty
74,Rekha Nanda
75,Siddharth Jain
76,Vimala Roy
77,Ashok Kapoor
78,Sangeeta Agarwal
79,Devender Sinha
80,Anjali Rao
81,Lalit Mehta
82,Kiran Menon
83,Prashant Desai
84,Lakshmi Iyer
85,Ajit Pillai
86,Vandana Chandra
87,Sanjeev Joshi
88,Meenakshi Nair
89,Shubham Batra
90,Sudha Chauhan
91,Nilesh Thakur
92,Indira Gupta
93,Dhruv Raina
94,Ritu Singh
95,Virendra Reddy
96,Usha Pawar
97,Yash Bhardwaj
98,Karuna Kohli
99,Kartik Verma
100,Mamta Kulkarni
101,Shantanu Dutta
102,Radha Pillai
103,Mahesh Malhotra
104,Prabha Bhatt
105,Sunil Iyer
106,Shashi Chandra
107,Vijay Agarwal
108,Geeta Nanda
109,Raghav Saxena
110,Smita Sharma
111,Arjun Sinha
112,Reema Patel
113,Neeraj Batra
114,Kavita Joshi
115,Vikas Menon
116,Urmila Reddy
117,Nishant Mehta
118,Lalita Thakur
119,Amar Desai
120,Mona Kapoor
121,Hemant Verma
122,Shobha Nair
123,Dinesh Raina
124,Vaishali Pillai
125,Anand Bhatt
126,Kanchan Roy
127,Uday Pawar
128,Aruna Gupta
129,Parth Saxena
130,Shanti Batra
131,Mukesh Agarwal
132,Naina Singh
133,Bharat Kulkarni
134,Anu Chandra
135,Prakash Kohli
136,Sandhya Joshi
137,Surendra Desai
138,Ila Reddy
139,Avinash Jain
140,Nisha Patel
141,Jagdish Malhotra
142,Kusum Thakur
143,Kishore Sinha
144,Kalpana Mehta
145,Laxman Bhardwaj
146,Shaila Kapoor
147,Mohan Raina
148,Alka Chandra
149,Kamal Pawar
150,Gita Verma
151,Rajat Batra
152,Kamini Gupta
153,Subhash Joshi
154,Bela Menon
155,Arvind Pillai
156,Varsha Iyer
157,Rakesh Desai
158,Shubhangi Jain
159,Baldev Reddy
160,Sejal Thakur
161,Lallan Saxena
162,Roopa Sharma
163,Dharmesh Kapoor
164,Radhika Nanda
165,Satish Kohli
166,Shikha Batra
167,Brijesh Kulkarni
168,Vandita Sinha
169,Dhanraj Mehta
170,Mridula Singh
171,Tilak Desai
172,Rukmini Iyer
173,Keshav Nanda
174,Purnima Roy
175,Gautam Saxena
176,Dolly Bhatt
177,Shravan Thakur
178,Purnima Kapoor
179,Naresh Raina
180,Tejaswini Patel
181,Surendra Reddy
182,Uma Joshi
183,Vijay Malhotra
184,Chhaya Pawar
185,Rajeev Sinha
186,Divya Desai
187,Deepak Menon
188,Ranjana Iyer
189,Adarsh Sharma
190,Bhavana Mehta
191,Ganesh Nair
192,Kavya Iyer
193,Ashish Kapoor
194,Deepa Chandra
195,Raman Joshi
196,Latha Pillai
197,Vikas Gupta
198,Nalini Rao
199,Prateek Verma
200,Anju Nanda
201,Sameer Desai
202,Meenal Bhardwaj
203,Yogesh Thakur
204,Sunita Raina
205,Akshay Dutta
206,Radha Saxena
207,Pankaj Shetty
208,Sneha Patel
209,Saurabh Menon
210,Anamika Batra
211,Ravindra Sinha
212,Swetha Reddy
213,Naveen Malhotra
214,Indu Pawar
215,Chetan Kulkarni
216,Amrita Sharma
217,Dhiraj Kohli
218,Vinita Nair
219,Jitendra Raina
220,Bina Chandra
221,Vijay Bhatt
222,Jaya Joshi
223,Govind Kapoor
224,Sonia Thakur
225,Pawan Sinha
226,Rekha Gupta
227,Arvind Verma
228,Laxmi Menon
229,Hemant Patel
230,Maya Kulkarni
231,Subhash Iyer
232,Usha Dutta
233,Rajendra Nanda
234,Veena Saxena
235,Sandeep Desai
236,Tara Rao
237,Nitin Mehta
238,Poonam Reddy
239,Ajit Pillai
240,Chitra Sharma
241,Uday Bhardwaj
242,Nandita Kapoor
243,Tarun Verma
244,Kamala Sinha
245,Rajesh Joshi
246,Sujata Gupta
247,Harish Thakur
248,Lalitha Menon
249,Devendra Kulkarni
250,Madhavi Raina
251,Kiran Desai
252,Shalini Iyer
253,Bhaskar Dutta
254,Rekha Reddy
255,Anil Bhatt
256,Pramila Chandra
257,Anupam Sharma
258,Geeta Kapoor
259,Amit Joshi
260,Nalini Nanda
261,Harendra Saxena
262,Snehal Patil
263,Sachin Thakur
264,Priyanka Verma
265,Manoj Menon
266,Vimala Desai
267,Kailash Iyer
268,Ranjani Rao
269,Prakash Malhotra
270,Anjana Reddy
271,Balaji Sharma
272,Roopa Mehta
273,Deepak Kulkarni
274,Shobha Pillai
275,Yash Raina
276,Suvarna Thakur
277,Omkar Sinha
278,Lakshmi Bhatt
279,Neeraj Kapoor
280,Saroja Patel
281,Tejas Desai
282,Shanti Nanda
283,Girish Chandra
284,Meenakshi Iyer
285,Karthik Reddy
286,Uma Joshi
287,Satish Dutta
288,Aruna Rao
289,Vijay Shetty
290,Bhargavi Verma
291,Anshuman Menon
292,Sunanda Saxena
293,Harinder Malhotra
294,Shubha Thakur
295,Mahesh Kapoor
296,Kamini Sharma
297,Mohit Iyer
298,Lakshmi Desai
299,Nirmal Raina
300,Uma Pillai
301,Abhijit Patil
302,Nandini Joshi
303,Anand Kulkarni
304,Ranjana Nanda
305,Praveen Chandra
306,Shalini Reddy
307,Sameer Bhatt
308,Shobha Rao
309,Arun Malhotra
310,Kavita Gupta
311,Vikrant Verma
312,Manju Sinha
313,Gopal Menon
314,Sindhu Iyer
315,Bharat Kapoor
316,Sarita Desai
317,Devansh Kulkarni
318,Padma Joshi
319,Vivek Thakur
320,Savita Sharma
321,Ajay Raina
322,Prabha Verma
323,Prem Dutta
324,Kanchana Patel
325,Rishi Nanda
326,Latha Saxena
327,Atul Mehta
328,Uma Reddy
329,Madhukar Sinha
330,Seema Menon
331,Dhruv Bhardwaj
332,Padma Rao
333,Vimal Patil
334,Prabha Joshi
335,Gajendra Kulkarni
336,Nisha Chandra
337,Anil Pillai
338,Sanjana Bhatt
339,Keshav Kapoor
340,Rupa Sharma
341,Gautam Desai
342,Neena Reddy
343,Kiran Verma
344,Bindu Nanda
345,Shivraj Thakur
346,Annapurna Sinha
347,Ravikant Rao
348,Subha Iyer
349,Manohar Patil
350,Shailaja Menon
351,Somesh Malhotra
352,Jyothi Pillai
353,Abhay Bhatt
354,Mala Kapoor
355,Prithvi Chandra
356,Vasudha Desai
357,Santosh Raina
358,Urmila Verma
359,Shyam Dutta
360,Parvati Patil
361,Ramesh Sinha
362,Shanta Joshi
363,Jayant Kulkarni
364,Radhika Nanda
365,Rajan Malhotra
366,Kalpana Rao
367,Virender Bhatt
368,Neeta Kapoor
369,Niranjan Thakur
370,Nirmala Gupta
371,Srikant Joshi
372,Vandana Mehta
373,Sujay Reddy
374,Anita Chandra
375,Vipul Verma
376,Sujata Pillai
377,Tushar Iyer
378,Pallavi Dutta
379,Manohar Bhardwaj
380,Sudha Desai
381,Vikram Saxena
382,Rukmini Rao
383,Harish Menon
384,Shruthi Patil
385,Narayan Sharma
386,Vimala Kulkarni
387,Raman Kapoor
388,Sindhu Raina
389,Surendra Nanda
390,Anitha Thakur
391,Nikhil Verma
392,Meera Joshi
393,Mukesh Desai
394,Kamala Bhatt
395,Pravin Reddy
396,Vanitha Sinha
397,Suresh Malhotra
398,Prema Rao
399,Lalit Chandra
400,Suman Mehta
401,Suraj Bhardwaj
402,Vaishnavi Gupta
403,Chetan Thakur
404,Bhavani Iyer
405,Shiv Prasad Menon
406,Poonam Patel
407,Tarun Kulkarni
408,Jaya Kapoor
409,Akhilesh Raina
410,Vasanti Nanda
411,Venkatesh Verma
412,Priya Reddy
413,Vimal Joshi
414,Anjana Desai
415,Aarav Sharma
416,Rhea Kapoor
417,Aman Patel
418,Simran Kaur
419,Rajesh Kumar
420,Priya Deshmukh
421,Kunal Malhotra
422,Pooja Rani
423,Mohit Gupta
424,Neha Mishra
425,Ashok Reddy
426,Nandini Iyer
427,Devansh Agarwal
428,Ananya Jain
429,Gautam Chatterjee
430,Shreya Verma
431,Hari Krishnan
432,Sonali Bansal
433,Vivek Nair
434,Anjali Kumar
435,Manish Soni
436,Snehal Patel
437,Abhinav Sinha
438,Megha Dubey
439,Rohit Yadav
440,Vandana Kapoor
441,Suraj Pandey
442,Ritu Kumari
443,Akshay Rathi
444,Poonam Verma
445,Nikhil Das
446,Shalini Kaur
447,Prashant Shah
448,Rekha Joshi
449,Sameer Gupta
450,Suman Kapoor
451,Abhishek Mehta
452,Kavita Desai
453,Arjun Bhagat
454,Sangeeta Rai
455,Raghav Khandelwal
456,Anita Agarwal
457,Devendra Nair
458,Radhika Pandey
459,Harsh Vardhan
460,Suman Mishra
461,Aditya Choudhary
462,Aarti Sharma
463,Vikash Yadav
464,Garima Mehra
465,Mohan Soni
466,Neelam Gupta
467,Sahil Kapoor
468,Vandana Nanda
469,Sameer Kaur
470,Kiran Deshmukh
471,Arvind Yadav
472,Simran Bhattacharya
473,Nilesh Verma
474,Jyoti Singh
475,Tanmay Kumar
476,Charulata Rani
477,Parth Joshi
478,Seema Iyer
479,Tejas Khatri
480,Kirti Mishra
481,Sahil Mehta
482,Shweta Nair
483,Rishi Kapoor
484,Sunita Yadav
485,Umesh Pandey
486,Manju Rathi
487,Pranav Kumar
488,Divya Shah
489,Nishant Agarwal
490,Kusum Gupta
491,Rajiv Chauhan
492,Ruchi Sharma
493,Shivendra Joshi
494,Asha Kumari
495,Ankit Mehta
496,Bindu Reddy
497,Ritesh Verma
498,Tanuja Sinha
499,Akhilesh Yadav
500,Rupa Desai
501,Amitabh Sharma
502,Shobha Kaur
503,Sandeep Choudhary
504,Sonal Patel
505,Vishal Kumar
506,Maya Singh
507,Karan Sharma
508,Sheetal Yadav
509,Mohit Sinha
510,Pooja Chawla
511,Jitendra Gupta
512,Kanchan Mehta
513,Surender Rani
514,Seema Joshi
515,Anirudh Sharma
516,Priya Reddy
517,Rahul Kapoor
518,Ruchi Soni
519,Vipin Kumar
520,Shalini Verma
521,Anupam Yadav
522,Preeti Patel
523,Rajendra Mehta
524,Poonam Kumar
525,Shivam Mishra
526,Tanya Rai
527,Vikas Yadav
528,Kumari Sharma
529,Arvind Kapoor
530,Garima Joshi
531,Aman Yadav
532,Priya Soni
533,Kunal Rathi
534,Neelam Kapoor
535,Ashish Verma
536,Tanu Mishra
537,Anmol Reddy
538,Shubhi Iyer
539,Hitesh Soni
540,Sheetal Joshi
541,Rajat Kapoor
542,Nidhi Sharma
543,Amit Verma
544,Kanika Desai
545,Pawan Singh
546,Kamini Patel
547,Rohit Sharma
548,Chhaya Yadav
549,Vishnu Sinha
550,Rina Nair
551,Prakash Thakur
552,Sheetal Gupta
553,Ramesh Bansal
554,Neha Sharma
555,Vishal Yadav
556,Pooja Deshmukh
557,Shyam Mehta
558,Simran Kapoor
559,Ramesh Joshi
560,Kiran Patel
561,Bharat Kumar
562,Priya Sinha
563,Aarav Sharma
564,Aditi Mehta
565,Rajesh Kumar
566,Priya Verma
567,Amit Singh
568,Neha Patil
569,Vikram Iyer
570,Suman Gupta
571,Rohan Desai
572,Kavita Rao
573,Mohit Reddy
574,Anjali Nair
575,Arjun Thakur
576,Meera Menon
577,Karan Joshi
578,Rina Kapoor
579,Sanjay Batra
580,Pooja Sharma
581,Suresh Raina
582,Divya Jain
583,Ajay Pillai
584,Tara Chandra
585,Rahul Bhatt
586,Sneha Pawar
587,Manoj Shetty
588,Rani Prasad
589,Vivek Saxena
590,Alka Mishra
591,Dev Dutta
592,Kavya Das
593,Nikhil Kulkarni
594,Asha Bhardwaj
595,Rakesh Malhotra
596,Jaya Singh
597,Suraj Nanda
598,Naina Roy
599,Ravi Chauhan
600,Lata Aggarwal
601,Harshad Kaur
602,Neetu Kohli
603,Abhinav Khanna
604,Ananya Sharma
605,Abhishek Das
606,Shruti Rao
607,Aryan Mehta
608,Pooja Menon
609,Kunal Verma
610,Riya Patel
611,Ishaan Kapoor
612,Seema Pillai
613,Aditya Joshi
614,Nandini Gupta
615,Rohit Iyer
616,Sonia Prasad
617,Tarun Nair
618,Manisha Chandra
619,Harish Batra
620,Jyoti Chauhan
621,Gaurav Thakur
622,Supriya Singh
623,Manav Kulkarni
624,Priti Dutta
625,Ramesh Agarwal
626,Swati Sinha
627,Pranav Reddy
628,Deepti Bhatt
629,Shankar Pawar
630,Amrita Raina
631,Chetan Malhotra
632,Sunita Kohli
633,Naveen Saxena
634,Bhavna Patel
635,Arvind Shetty
636,Rekha Nanda
637,Siddharth Jain
638,Vimala Roy
639,Ashok Kapoor
640,Sangeeta Agarwal
641,Devender Sinha
642,Anjali Rao
643,Lalit Mehta
644,Kiran Menon
645,Prashant Desai
646,Lakshmi Iyer
647,Ajit Pillai
648,Vandana Chandra
649,Sanjeev Joshi
650,Meenakshi Nair
651,Shubham Batra
652,Sudha Chauhan
653,Nilesh Thakur
654,Indira Gupta
655,Dhruv Raina
656,Ritu Singh
657,Virendra Reddy
658,Usha Pawar
659,Yash Bhardwaj
660,Karuna Kohli
661,Kartik Verma
662,Mamta Kulkarni
663,Shantanu Dutta
664,Radha Pillai
665,Mahesh Malhotra
666,Prabha Bhatt
667,Sunil Iyer
668,Shashi Chandra
669,Vijay Agarwal
670,Geeta Nanda
671,Raghav Saxena
672,Smita Sharma
673,Arjun Sinha
674,Reema Patel
675,Neeraj Batra
676,Kavita Joshi
677,Vikas Menon
678,Urmila Reddy
679,Nishant Mehta
680,Lalita Thakur
681,Amar Desai
682,Mona Kapoor
683,Hemant Verma
684,Shobha Nair
685,Dinesh Raina
686,Vaishali Pillai
687,Anand Bhatt
688,Kanchan Roy
689,Uday Pawar
690,Aruna Gupta
691,Parth Saxena
692,Shanti Batra
693,Mukesh Agarwal
694,Naina Singh
695,Bharat Kulkarni
696,Anu Chandra
697,Prakash Kohli
698,Sandhya Joshi
699,Surendra Desai
700,Ila Reddy
701,Avinash Jain
702,Nisha Patel
703,Jagdish Malhotra
704,Kusum Thakur
705,Kishore Sinha
706,Kalpana Mehta
707,Laxman Bhardwaj
708,Shaila Kapoor
709,Mohan Raina
710,Alka Chandra
711,Kamal Pawar
712,Gita Verma
713,Rajat Batra
714,Kamini Gupta
715,Subhash Joshi
716,Bela Menon
717,Arvind Pillai
718,Varsha Iyer
719,Rakesh Desai
720,Shubhangi Jain
721,Baldev Reddy
722,Sejal Thakur
723,Lallan Saxena
724,Roopa Sharma
725,Dharmesh Kapoor
726,Radhika Nanda
727,Satish Kohli
728,Shikha Batra
729,Brijesh Kulkarni
730,Vandita Sinha
731,Dhanraj Mehta
732,Mridula Singh
733,Tilak Desai
734,Rukmini Iyer
735,Keshav Nanda
736,Purnima Roy
737,Gautam Saxena
738,Dolly Bhatt
739,Shravan Thakur
740,Purnima Kapoor
741,Naresh Raina
742,Tejaswini Patel
743,Surendra Reddy
744,Uma Joshi
745,Vijay Malhotra
746,Chhaya Pawar
747,Rajeev Sinha
748,Divya Desai
749,Deepak Menon
750,Ranjana Iyer
751,Adarsh Sharma
752,Bhavana Mehta
753,Ganesh Nair
754,Kavya Iyer
755,Ashish Kapoor
756,Deepa Chandra
757,Raman Joshi
758,Latha Pillai
759,Vikas Gupta
760,Nalini Rao
761,Prateek Verma
762,Anju Nanda
763,Sameer Desai
764,Meenal Bhardwaj
765,Yogesh Thakur
766,Sunita Raina
767,Akshay Dutta
768,Radha Saxena
769,Pankaj Shetty
770,Sneha Patel
771,Saurabh Menon
772,Anamika Batra
773,Ravindra Sinha
774,Swetha Reddy
775,Naveen Malhotra
776,Indu Pawar
777,Chetan Kulkarni
778,Amrita Sharma
779,Dhiraj Kohli
780,Vinita Nair
781,Jitendra Raina
782,Bina Chandra
783,Vijay Bhatt
784,Jaya Joshi
785,Govind Kapoor
786,Sonia Thakur
787,Pawan Sinha
788,Rekha Gupta
789,Arvind Verma
790,Laxmi Menon
791,Hemant Patel
792,Maya Kulkarni
793,Subhash Iyer
794,Usha Dutta
795,Rajendra Nanda
796,Veena Saxena
797,Sandeep Desai
798,Tara Rao
799,Nitin Mehta
800,Poonam Reddy
801,Ajit Pillai
802,Chitra Sharma
803,Uday Bhardwaj
804,Nandita Kapoor
805,Tarun Verma
806,Kamala Sinha
807,Rajesh Joshi
808,Sujata Gupta
809,Harish Thakur
810,Lalitha Menon
811,Devendra Kulkarni
812,Madhavi Raina
813,Kiran Desai
814,Shalini Iyer
815,Bhaskar Dutta
816,Rekha Reddy
817,Anil Bhatt
818,Pramila Chandra
819,Anupam Sharma
820,Geeta Kapoor
821,Amit Joshi
822,Nalini Nanda
823,Harendra Saxena
824,Snehal Patil
825,Sachin Thakur
826,Priyanka Verma
827,Manoj Menon
828,Vimala Desai
829,Kailash Iyer
830,Ranjani Rao
831,Prakash Malhotra
832,Anjana Reddy
833,Balaji Sharma
834,Roopa Mehta
835,Deepak Kulkarni
836,Shobha Pillai
837,Yash Raina
838,Suvarna Thakur
839,Omkar Sinha
840,Lakshmi Bhatt
841,Neeraj Kapoor
842,Saroja Patel
843,Tejas Desai
844,Shanti Nanda
845,Girish Chandra
846,Meenakshi Iyer
847,Karthik Reddy
848,Uma Joshi
849,Satish Dutta
850,Aruna Rao
851,Vijay Shetty
852,Bhargavi Verma
853,Anshuman Menon
854,Sunanda Saxena
855,Harinder Malhotra
856,Shubha Thakur
857,Mahesh Kapoor
858,Kamini Sharma
859,Mohit Iyer
860,Lakshmi Desai
861,Nirmal Raina
862,Uma Pillai
863,Abhijit Patil
864,Nandini Joshi
865,Anand Kulkarni
866,Ranjana Nanda
867,Praveen Chandra
868,Shalini Reddy
869,Sameer Bhatt
870,Shobha Rao
871,Arun Malhotra
872,Kavita Gupta
873,Vikrant Verma
874,Manju Sinha
875,Gopal Menon
876,Sindhu Iyer
877,Bharat Kapoor
878,Sarita Desai
879,Devansh Kulkarni
880,Padma Joshi
881,Vivek Thakur
882,Savita Sharma
883,Ajay Raina
884,Prabha Verma
885,Prem Dutta
886,Kanchana Patel
887,Rishi Nanda
888,Latha Saxena
889,Atul Mehta
890,Uma Reddy
891,Madhukar Sinha
892,Seema Menon
893,Dhruv Bhardwaj
894,Padma Rao
895,Vimal Patil
896,Prabha Joshi
897,Gajendra Kulkarni
898,Nisha Chandra
899,Anil Pillai
900,Sanjana Bhatt
901,Keshav Kapoor
902,Rupa Sharma
903,Gautam Desai
904,Neena Reddy
905,Kiran Verma
906,Bindu Nanda
907,Shivraj Thakur
908,Annapurna Sinha
909,Ravikant Rao
910,Subha Iyer
911,Manohar Patil
912,Shailaja Menon
913,Somesh Malhotra
914,Jyothi Pillai
915,Abhay Bhatt
916,Mala Kapoor
917,Prithvi Chandra
918,Vasudha Desai
919,Santosh Raina
920,Urmila Verma
921,Shyam Dutta
922,Parvati Patil
923,Ramesh Sinha
924,Shanta Joshi
925,Jayant Kulkarni
926,Radhika Nanda
927,Rajan Malhotra
928,Kalpana Rao
929,Virender Bhatt
930,Neeta Kapoor
931,Niranjan Thakur
932,Nirmala Gupta
933,Srikant Joshi
934,Vandana Mehta
935,Sujay Reddy
936,Anita Chandra
937,Vipul Verma
938,Sujata Pillai
939,Tushar Iyer
940,Pallavi Dutta
941,Manohar Bhardwaj
942,Sudha Desai
943,Vikram Saxena
944,Rukmini Rao
945,Harish Menon
946,Shruthi Patil
947,Narayan Sharma
948,Vimala Kulkarni
949,Raman Kapoor
950,Sindhu Raina
951,Surendra Nanda
952,Anitha Thakur
953,Nikhil Verma
954,Meera Joshi
955,Mukesh Desai
956,Kamala Bhatt
957,Pravin Reddy
958,Vanitha Sinha
959,Suresh Malhotra
960,Prema Rao
961,Lalit Chandra
962,Suman Mehta
963,Suraj Bhardwaj
964,Vaishnavi Gupta
965,Chetan Thakur
966,Bhavani Iyer
967,Shiv Prasad Menon
968,Poonam Patel
969,Tarun Kulkarni
970,Jaya Kapoor
971,Akhilesh Raina
972,Vasanti Nanda
973,Venkatesh Verma
974,Priya Reddy
975,Vimal Joshi
976,Anjana Desai
977,Aarav Sharma
978,Rhea Kapoor
979,Aman Patel
980,Simran Kaur
981,Rajesh Kumar
982,Priya Deshmukh
983,Kunal Malhotra
984,Pooja Rani
985,Mohit Gupta
986,Neha Mishra
987,Ashok Reddy
988,Nandini Iyer
989,Devansh Agarwal
990,Ananya Jain
991,Gautam Chatterjee
992,Shreya Verma
993,Hari Krishnan
994,Sonali Bansal
995,Vivek Nair
996,Anjali Kumar
997,Manish Soni
998,Snehal Patel
999,Abhinav Sinha
1000,Megha Dubey
1001,Rohit Yadav